title,排名,国家,州省,城市,性质,成立年份,宗教信仰,学生人数,学校分类,网址
英属哥伦比亚大学 ,3,加拿大,"英属,哥伦比亚",温哥华,公立，男女合校,1908年,无,"48,768",医博类大学,www.ubc.ca
哈佛大学 ,2*(2),美国,马萨诸塞州,剑桥（马萨诸塞州）,私立，男女合校,1636*(1),无,"10,803",全国性大学,www.harvard.edu
加州大学圣塔芭芭拉分校 ,37*(2),美国,加利福尼亚州,圣塔芭芭拉,公立，男女合校,1891*(1),无,"23,497",全国性大学,www.ucsb.edu
多伦多大学 ,2,加拿大,安大略,多伦多,公立，男女合校,1827年,无,"46,050",医博类大学,www.utoronto.ca
纽约大学 ,30*(2),美国,纽约州,纽约市,私立，男女合校,1831*(1)(3),无,"49,274",全国性大学,www.nyu.edu
康奈尔大学 ,USNEWS:14*(1),美国,纽约州,伊萨卡,私立，男女合校*(3),1865年,,"21,904",全国性大学,www.cornell.edu
伦敦大学学院 ,QS世界：3(5)；Times国内：9,英国,英格兰,伦敦,公立，男女合校,1907年*(1),无,"28,430（含全日制与非全日制）*(2)",综合性大学,www.ucl.ac.uk
宾夕法尼亚大学 ,8*(2),美国,宾夕法尼亚州,费城,私立，男女合校,1740*(1),无,"21,395",全国性大学,www.upenn.edu
西北大学 ,USNEWS：11 *(2),美国,伊利诺伊州,埃文斯顿,私立，男女合校*(3),1851,,"21,642*(3)",全国性大学,www.northwestern.edu
密歇根大学安娜堡分校 ,USNEWS：28*(5),美国,密歇根州,安娜堡,公立，男女合校*(6),1817,无,"43,651*(6)",全国性大学,"umich.edu,*(6)"
杜克大学 ,USNEWS：9*(2),美国,北卡罗来纳州,达勒姆,私立，男女合校*(3),1838年,无,"15,984",全国性大学,www.duke.edu
墨尔本大学 ,ERA：1*(2),澳大利亚,维多利亚州,墨尔本,公立，男女合校,1853*(3),无,"40,454*(3)",五星级大学,www.unimelb.edu.au
加州大学旧金山分校 ,"医学,研究：3*(2)",美国,加利福尼亚州,旧金山,公立，男女合校,1873*(1),无,"5,590（含研究生、驻院学员、博士后）*(3)",医学院,www.ucsf.edu
帝国理工学院 ,QS世界：1(2)；Times国内：5,英国,英格兰,伦敦,公立，男女合校,1907年*(1),无,"16,225（含全日制与非全日制）*(2)",综合性大学,www.imperial.ac.uk
加州大学圣地亚哥分校 ,42*(2),美国,加利福尼亚州,拉霍亚,公立，男女合校,1960*(1),无,"33,735",全国性大学,www.ucsd.edu
普林斯顿大学 ,1*(2),美国,新泽西州,普林斯顿,私立，男女合校,1746*(1),无,"8,138",全国性大学,www.princeton.edu
芝加哥大学 ,3,美国,伊利诺伊州,芝加哥,私立，男女合校,1890*(1),无,"12,962",全国性大学,www.uchicago.edu
加州大学洛杉矶分校 ,21*(2),美国,加利福尼亚州,洛杉矶,公立，男女合校,1919*(1),无,"43,301",全国性大学,www.ucla.edu
耶鲁大学 ,3*(5),美国,康涅狄格州,纽黑文,私立，男女合校,1701*(1),无,"12,312",全国性大学,www.yale.edu
约翰霍普金斯大学 ,USNEWS：11*(5),美国,马里兰州,巴尔的摩,私立，男女合校*(6),1876,,"13,004",全国性大学,www.jhu.edu*(6)
华盛顿大学 ,,美国,华盛顿州,西雅图,公立，男女合校,1861*(1),无,"45,408",全国性大学,www.washington.edu
哥伦比亚大学 ,5*(2),美国,纽约州,纽约市,私立，男女合校,1754*(1),无,"30,304*(3)",全国性大学,www.columbia.edu
清华大学 ,,,,,,,,,,
加州理工学院 ,10*(6),美国,加利福尼亚州,帕萨迪纳,私立，男女合校,1891*(1),无,"2,255",全国性大学,www.caltech.edu
斯坦福大学 ,5*(2),美国,加利福尼亚州,斯坦福,私立，男女合校,1891*(1),无,"16,770",全国性大学,www.stanford.edu
剑桥大学 ,QS：1(3)；Times：1,英国,英格兰,剑桥,公立，男女合校,1209*(1),无,"19,580（含全日制与非全日制学生）",综合性大学,www.cam.ac.uk
加州大学伯克利分校 ,21*(3),美国,加利福尼亚州,伯克利,公立，男女合校,1868*(1),无,"38,204",全国性大学,www.berkeley.edu
海德堡大学 ,,德国,,海德堡,公立，男女合校,1386*(1),无,"30,873(2013年)*(6)",综合性大学，可授予博士学位,www.uni-heidelberg.de
麻省理工学院 ,5*(6),美国,马萨诸塞州,剑桥,私立，男女合校,1861*(1),无,"11,331",全国性大学,"www.,mit,.edu"
瑞尔森大学 ,8,加拿大,安大略省,多伦多,公立，男女合校,1948年,无,"35,900",综合类大学,www.ryerson.ca
贵州大学 ,,,,,,,,,,
德克萨斯州立大学 ,-*(3),美国,德克萨斯州,圣马科斯,公立，男女合校,1899*(2),无,"37,979",综合性大学,www.txstate.edu
太原理工大学 ,,,,,,,,,,
四川农业大学 ,,,,,,,,,,
路易斯安那州 ,,美国,,,,,,,,
新疆大学 ,,,,,,,,,,
南密西西比大学 ,RNP,美国,密西西比州,哈蒂斯堡,公立，男女合校,1910,无,"14,551",综合性大学,www.usm.edu
劳里埃大学 ,13,加拿大,安大略省,"滑铁卢,、布兰特福德、基奇纳",公立，男女合校,1911年,无,"14,760",综合类大学,www.wlu.ca
谢菲尔德哈莱姆大学 ,77,英国,英格兰,谢菲尔德,公立，男女合校,1843年,无,"37,160",综合性大学,www.shu.ac.uk
安徽大学 ,,,,,,,,,,
东北林业大学 ,,,,,,,,,,
广西大学 ,,,,,,,,,,
怀特州立大学 ,RNP,美国,俄亥俄州,戴顿,公立，男女合校,1964,无,"17,070",综合性大学,www.wright.edu
乌鲁（北领地） ,,澳大利亚,北领地,,,,,,,
伊利诺伊州立大学 ,159,美国,伊利诺伊州,诺摩尔,公立，男女合校,1857,无,"20,760",综合性大学,www.ilstu.edu
陕西师范大学 ,,,,,,,,,,
云南大学 ,,,,,,,,,,
莱斯布里奇大学 ,3,加拿大,阿尔伯塔省,莱斯布里奇,公立，男女合校,1967年,无,"9,150",基础类大学,www.uleth.ca
德保罗大学 ,USNEWS：120*(2),美国,伊利诺伊州,芝加哥,私立，男女合校*(3),1898,天主,"23,539",全国性大学,www.depaul.edu*(3)
南达科他州立大学 ,USNEWS：216*(2),美国,南达科他州,布鲁斯金,公立，男女合校*(4),1881,,"12,589",全国性大学,www.sdstate.edu
牛津大学 ,QS世界：2(6)；Times国内：1,英国,英格兰,牛津,公立，男女合校,确切年份不可考，授课记录始自1096年*(1),无,"25,905（含全日制与非全日制）*(3)",综合性大学,www.ox.ac.uk
川特大学 ,6,加拿大,安大略省,彼得伯勒、奥沙瓦,公立，男女合校,1964年,无,"8,321",基础类大学,www.trentu.ca
西密歇根大学 ,207,美国,密歇根州,卡拉马祖,公立，男女合校,1903,无,"23,556",综合性大学,www.wmich.edu
圣地亚哥（加州） ,,美国,,,,,,,,
博林格林州立大学 ,202,美国,俄亥俄州,博林格林,公立，男女合校,1910,无,"16,908",综合性大学,www.bgsu.edu
马凯特大学 ,USNEWS：90*(2),美国,威斯康辛州,密尔沃基,私立，男女合校*(3),1881,耶稣会,"11,491",全国性大学,"www.marquette.edu,*(3)"
霍夫斯特拉大学 ,132*(2),美国,"纽约州,*(1)",汉普斯特德*(1),私立，男女合校*(1),1935*(1),无,"10,814",综合性大学,www.hofstra.edu
西英格兰大学 ,60,英国,英格兰,布里斯托,公立，男女合校,1970年,无,"30,390",综合性大学,www.uwe.ac.uk
美国天主大学 ,120*(3),美国,"哥伦比亚,特区",华盛顿,私立，男女合校,1887年*(1),天主教,"6,881",全国性大学,www.cua.edu*(6)
索尔福德大学 ,98,英国,英格兰,索尔福德,公立，男女合校,1850年,无,"21,755",综合性大学,www.salford.ac.uk
南加州大学 ,21*(2),美国,加利福尼亚州,洛杉矶,私立，男女合校,1880*(3),无,"43,401",全国性大学,www.usc.edu
中国药科大学 ,,,,,,,,,,
湖首大学 ,8,加拿大,安大略省,雷湾,公立，男女合校,1865年,无,"7,848",基础类大学,www.lakeheadu.ca
东卡罗来纳大学 ,207,美国,北卡罗来纳州,格林维尔,公立，男女合校,1907,无,"28,289",综合性大学,www.ecu.edu
弗莱贝格工业大学 ,,德国,,弗莱贝格,公立，男女合校,1765年*(1),无,"5,600(2013年)*(4)",综合性大学，可授予博士学位,tu-freiberg.de
诺丁汉特伦特大学 ,61,英国,英格兰,诺丁汉,公立，男女合校,1843年,无,"27,930",综合性大学,www.ntu.ac.uk
奥克兰大学（美国） ,RNP,美国,密西西比州,罗切斯特,公立，男女合校,1957,无,"20,711",综合性大学,www.oakland.edu
布拉德福德大学 ,84,英国,英格兰,布拉德福德,公立，男女合校,1957年,无,"14,210",综合性大学,www.brad.ac.uk
南昌大学 ,,,,,,,,,,
温莎大学 ,12,加拿大,安大略省,温莎,公立，男女合校,1857年,无,"13,668",综合类大学,www.uwindsor.ca
维拉诺瓦大学 ,46,美国,宾夕法尼亚州,维拉诺瓦,私立，男女合校,1842年,天主教,"10,925",综合性大学,www.villanova.edu
天津医科大学 ,,,,,,,,,,
暨南大学 ,,,,,,,,,,
马萨诸塞大学洛厄尔分校 ,156,美国,马萨诸塞州,洛厄尔,公立，男女合校,1894,无,"17,450",综合性大学,www.uml.edu
西南交通大学 ,,,,,,,,,,
华南师范大学 ,,,,,,,,,,
布鲁克大学 ,15,加拿大,安大略省,"圣,凯瑟琳",公立，男女合校,1964年,无,"15,467",综合类大学,www.brocku.ca
健康科学 ,,,,,,,,,,
格林威治大学 ,101,英国,英格兰,伦敦,公立，男女合校,1890年,无,"26,445",综合性大学,www.gre.ac.uk
北达科他大学 ,192*(2),美国,北达科他州,大福克斯,公立，男女合校,1883*(1),无,,全国性大学,www.und.edu
牛津布鲁克斯大学 ,50,英国,英格兰,牛津,公立，男女合校,1865年,无,"18,425",综合性大学,www.brookes.ac.uk
福坦莫大学 ,61*(2),美国,纽约州,纽约市,私立，男女合校,1841*(1),天主教,"15,286",全国性大学,www.fordham.edu
佛罗里达大西洋大学 ,RNP,美国,佛罗里达州,博卡拉顿,公立，男女合校,1961,无,"30,377",综合性大学,www.fau.edu
北卡罗来纳大学格林波若分校 ,RNP,美国,北卡罗来纳州,格林波若,公立，男女合校,1891,无,"19,393",综合性大学,www.uncg.edu
德克萨斯大学埃尔帕索分校 ,RNP,美国,德克萨斯,埃尔帕索,公立，男女合校,1913,无,-,综合性大学,www.utep.edu
东北师范大学 ,,,,,,,,,,
生物医学 ,,,,,,,,,,
中央兰开夏大学 ,88,英国,英格兰,普雷斯顿,公立，男女合校,1828年,无,"31,530",综合性大学,www.uclan.ac.uk
北达科他州立大学 ,198,美国,北达科他州,法戈,公立，男女合校,1890,无,"14,516",综合性大学,www.ndsu.edu
西安电子科技大学 ,,,,,,,,,,
卡塞尔大学 ,,德国,,卡塞尔,公立，男女合校,1970年*(1),无,"22,877(2014年) *(4)",综合性大学，可授予博士学位,www.uni-kassel.de
北京林业大学 ,,,,,,,,,,
开姆尼茨工业大学 ,,德国,,开姆尼茨,公立，男女合校,1836年*(1),无,"11,231(2013年)*(4)",综合性大学，可授予博士学位,www.tu-chemnitz.de
曼彻斯特都会大学 ,89,英国,英格兰,曼彻斯特,公立，男女合校,1970年,无,"34,430",综合性大学,www.mmu.ac.uk
河海大学 ,,,,,,,,,,
纽约市立大学亨特学院 ,28*(3),美国,纽约州,纽约市,公立，男女合校,1870*(2),无,"22,920","北部,地方性大学",www.hunter.cuny.edu
武汉理工大学 ,,,,,,,,,,
密苏里大学圣路易斯分校 ,RNP,美国,密苏里州,圣路易斯,公立，男女合校,1963,无,"16,763",综合性大学,www.umsl.edu
美利坚大学 ,69*(3),美国,"哥伦比亚,特区",华盛顿,私立，男女合校,1893 *(1),基督,"13,200",全国性大学,www.american.edu
南伊利诺伊大学卡本代尔分校 ,216,美国,伊利诺伊州,卡本代尔,公立，男女合校,1869,无,"17,292",综合性大学,www.siuc.edu
曼彻斯特大学 ,QS世界：8(30)；Times国内：26,英国,英格兰,曼彻斯特,公立，男女合校,2004年（最早可追溯至1824年）*(1),无,"37,925（含全日制与非全日制）*(3)",综合性大学,www.manchester.ac.uk
诺森比亚大学 ,62,英国,英格兰,纽卡斯尔,公立，男女合校,1894年,无,"29,300",综合性大学,www.northumbria.ac.uk
哈尔滨工程大学 ,,,,,,,,,,
北京工业大学 ,,,,,,,,,,
奥格斯堡大学 ,,德国,,奥格斯堡,公立，男女合校,1511年*(1),无,"18,000(2013年)*(4)",综合性大学，可授予博士学位,www.uni-augsburg.de
孟菲斯大学 ,RNP,美国,田纳西州,孟菲斯,公立，男女合校,1912,无,"20,585",综合性大学,www.memphis.edu
郑州大学 ,,,,,,,,,,
北京邮电大学 ,,,,,,,,,,
查理斯特大学 ,ERA：25*(2),澳大利亚,新南威尔士州,悉尼,公立，男女合校,1989年*(1),无,"21,341*(1)",二星级大学,www.csu.edu.au
南十字星大学 ,ERA：10*(1),澳大利亚,"新南威尔士州,*(2)",利斯莫尔*(2),公立，男女合校*(2),1994年*(2),无*(2),"14,476*(3)",澳洲地区大学联盟*(2),
南京师范大学 ,,,,,,,,,,
托莱多大学 ,RNP,美国,俄亥俄州,托莱多,公立，男女合校,1872,无,"20,377",综合性大学,www.utoledo.edu
新泽西理工学院 ,140*(4),美国,新泽西州,纽华克,公立，男女合校,1881年*(1),无,"12,125",全国性大学,www.njit.edu
里贾纳大学 ,10,加拿大,萨斯喀彻温省,里贾纳,公立，男女合校,1911年,无,"12,270",综合类大学,www.uregina.ca
旧金山州立大学 ,-,美国,加利福尼亚州,旧金山,公立，男女合校,1899 *(2),无,"30,256","西部,地方性大学",www.sfsu.edu
新布伦瑞克大学 ,4,加拿大,新布伦瑞克省,弗雷德里克顿、圣约翰,公立，男女合校,1785年,无,"10,638",综合类大学,www.unb.ca
中国石油大学 ,,,,,,,,,,
华北电力大学 ,,,,,,,,,,
西北农林科技大学 ,,,,,,,,,,
波特兰州立大学 ,RNP,美国,俄勒冈州,波特兰,公立，男女合校,1946,无,"27,488",综合性大学,www.pdx.edu
阿尔斯特大学 ,73,英国,北爱尔兰,贝尔法斯特,公立，男女合校,1968年,无,"26,560",综合性大学,www.ulster.ac.uk
罗切斯特理工学院 ,97*(1),美国*(2),"纽约州,*(2)","罗切斯特,*(2)",私立，男女合校*(2),1829年*(2),无*(2),"16,640*(3)",综合性大学,www.rit.edu
合肥工业大学 ,,,,,,,,,,
兽医 ,,,,,,,,,,
克雷顿大学 ,中西部第1*(6),美国,内布拉斯加州,奥马哈,私立，男女合校,1878年,天主,"8,435*(7)",地方性大学,www.creighton.edu
北卡罗来纳大学夏洛特分校 ,198,美国,北卡罗来纳州,夏洛特,公立，男女合校,1946,无,"27,983",综合性大学,www.uncc.edu
南京理工大学 ,,,,,,,,,,
密苏里科技大学 ,165*(2),美国,密苏里州,罗拉,公立，男女合校,1885年*(1),无,"8,889",全国性大学,www.mst.edu*(6)
布莱顿大学 ,76,英国,英格兰,布莱顿,公立，男女合校,1858年,无,"22,075",综合性大学,www.brighton.ac.uk
路易斯安那大学拉法叶分校 ,RNP,美国,路易斯安那州,拉法叶,公立，男女合校,1898,无,"17,508",综合性大学,www.louisiana.edu
堪培拉大学 ,ERA：29*(1),澳大利亚*(2),首都特区*(2),"堪培拉,*(2)",公立，男女合校*(2),1967*(2),无,"16,429*(4)",三星级大学*(2),www.canberra.edu.au
外科 ,,,,,,,,,,
江南大学 ,,,,,,,,,,
西北大学（中国） ,,,,,,,,,,
西北工业大学 ,,,,,,,,,,
华中农业大学 ,,,,,,,,,,
霍华德大学 ,110,美国,"哥伦比亚,特区",华盛顿,私立，男女合校,1867,无,"10,002",综合性大学,www2.howard.edu
福州大学 ,,,,,,,,,,
伦敦 ,,,,,,,,,,
密西西比州立大学 ,171,美国,密西西比州,斯塔克维尔,公立，男女合校,1878,无,"20,873",综合性大学,www.msstate.edu
东北大学（中国） ,,,,,,,,,,
立命馆大学 ,,,,,,,,,,
迈阿密大学（俄亥俄） ,78*(4),美国,俄亥俄州,牛津,公立，男女合校,1809*(2),无,"18,907",全国性大学,www.miamioh.edu
西南大学（中国） ,,,,,,,,,,
南京航空航天大学 ,,,,,,,,,,
中国海洋大学 ,,,,,,,,,,
内华达大学拉斯维加斯分校 ,RNP,美国,内华达州,拉斯维加斯,公立，男女合校,1957,无,"28,605",综合性大学,www.unlv.edu
查尔斯达尔文大学 ,ERA：22*(2),澳大利亚,北领地,"达尔文,、,帕默斯顿,、爱丽丝斯普林斯、,凯瑟琳,、,纽兰拜",公立，男女合校,2004年*(1),无,"22,719（含TAFE学生）*(3)",一星级大学,www.cdu.edu.au
克兰菲尔德大学 ,,,,,,,,,,
罗德岛大学 ,156*(3),美国,罗德岛州,金斯敦,公立，男女合校,1892年*(1),无,"16,613",全国性大学,www.uri.edu*(5)
纽约市立学院 ,北部第56*(2),美国,纽约州,纽约市,公立，男女合校,1847年*(1),无,"15,464","北部,地方性大学",www.ccny.cuny.edu
经济学 ,,,,,,,,,,
北京化工大学 ,,,,,,,,,,
阿斯顿大学 ,29,英国,英格兰,伯明翰,公立，男女合校,1895年,无,"12,205",综合性大学,www.aston.ac.uk
密歇根理工大学 ,124*(3),美国,密歇根州,霍顿,公立，男女合校,1885,无,"7,242",全国性大学,www.mtu.edu*(4)
内华达大学雷诺分校 ,202*(4),美国,内华达州,雷诺,公立，男女合校,1874年*(1),无,"20,880",全国性大学,www.unr.edu
纽约州立大学宾汉姆顿分校 ,87*(3),美国,纽约州,宾汉姆顿,公立，男女合校,1946*(1),无,"16,913",全国性大学,www.binghamton.edu
阿克伦大学 ,RNP,美国,俄亥俄州,阿克伦,公立，男女合校,1870,无,"23,046",综合性大学,www.uakron.edu
爱达荷大学 ,171*(5),美国,爱达荷州,莫斯科,公立，男女合校,1889年*(1),无,"11,372*(3)",全国性大学,www.uidaho.edu
基尔大学 ,44,英国,英格兰,基尔,公立，男女合校,1949年,无,"10,655",综合性大学,www.keele.ac.uk
奥登堡大学 ,,德国,,奥登堡,公立，男女合校,1973年*(1),无,"12,707(2014年)*(5)",综合性大学，可授予博士学位,www.uni-oldenburg.de
怀卡托大学 ,,新西兰,,汉密尔顿、陶朗加,公立，男女合校,1964年,无,"12,000",综合性大学,www.waikato.ac.nz
俄亥俄大学 ,151,美国,俄亥俄州,阿森斯,公立，男女合校,1804,无,"26,492",综合性大学,www.ohio.edu
加州大学默塞德分校 ,165*(2),美国,加利福尼亚州,默塞德,公立，男女合校,2005*(1),无,"6,685*(2)",综合性大学,www.ucmerced.edu
马格德堡大学 ,,德国,,马格德堡,公立，男女合校,1946年*(1),无,"14,000*(4)",综合性大学，可授予博士学位,www.ovgu.de
新墨西哥州立大学 ,198,美国,新墨西哥州,拉斯克鲁塞斯,公立，男女合校,1888,无,"15,490",综合性大学,www.nmsu.edu
斯特林大学 ,51,英国,苏格兰,斯特林,公立，男女合校,1967年,无,"11,120",综合性大学,www.stir.ac.uk
蒙大拿州立大学 ,207,美国,蒙大拿州,波兹曼,公立，男女合校,1893,无,"15,653",综合性大学,www.montana.edu
北京科技大学 ,,,,,,,,,,
南京农业大学 ,,,,,,,,,,
东华大学 ,,,,,,,,,,
圣路易斯（密苏里州） ,,美国,密苏里州,,,,,,,
赫尔大学 ,63,英国,英格兰,金斯顿,公立，男女合校,1927年,无,"23,315",综合性大学,www.hull.ac.uk
阿肯色大学 ,USNEWS：133*(2),美国,阿肯色州,费耶特维尔,公立，男女合校*(3),1871,无,"26,754",全国性大学,www.uark.edu*(3)
重庆大学 ,,,,,,,,,,
北亚利桑那大学 ,RNP,美国,亚利桑那州,旗杆市,公立，男女合校,1899,无,"29,031",综合性大学,www.nau.edu
管理学 ,,,,,,,,,,
新英格兰大学 ,ERA：78*(1),澳大利亚,"新南威尔士州,*(2)",阿米代尔*(2),公立，男女合校*(2),1938年*(2),无,"22,389*(3)",二星级大学,www.une.edu.au *(3)
里海大学 ,USNEWS：46*(3),美国,宾夕法尼亚州,伯利恒,私立，男女合校*(4),1865,,"7,033",全国性大学,www.lehigh.edu
奥本大学 ,103*(2),美国,阿拉巴马州,奥本,公立，男女合校,1856年*(1),无,"27,287",全国性大学,www.auburn.edu
吕贝克大学 ,,德国,,吕贝克,公立，男女合校,1964年*(1),无,"3,473(2014年)*(1)",综合性大学，可授予博士学位,www.uni-luebeck.de
北京交通大学 ,,,,,,,,,,
丹佛大学 ,87*(2),美国,科罗拉多州,丹佛,私立，男女合校,1864,无,"11,797",全国性大学,www.du.edu
伦敦城市大学 ,43,英国,苏格兰,伦敦,公立，男女合校,1852年,无,"19,340",综合性大学,www.city.ac.uk
芝加哥洛约拉大学 ,USNEWS：103*(4),美国,伊利诺伊州,芝加哥,私立，男女合校*(5),1870,耶稣会,"16,437",全国性大学,"www.luc.edu, *(5)"
奥古斯塔（佐治亚州） ,,美国,佐治亚,,,,,,,
北伊利诺伊大学 ,RNP,美国,伊利诺伊州,迪卡尔布,公立，男女合校,1895,无,"20,130",综合性大学,www.niu.edu
布伦瑞克工业大学 ,,德国,,布伦瑞克,公立，男女合校,1745年*(1),无,"17,192(2014年)*(4)",综合性大学，可授予博士学位,www.tu-braunschweig.de
格赖夫斯瓦尔德大学 ,,德国,,格赖夫斯瓦尔德,公立，男女合校,1456年*(1),无,"11,449(2013年)*(4)",综合性大学，可授予博士学位,www.uni-greifswald.de
埃迪斯科文大学 ,ERA：29*(3),澳大利亚,西澳大利亚州,珀斯,公立，男女合校,1991年*(1),无,"约23,000*(4)",一星级大学,www.ecu.edu.au
北德克萨斯大学 ,RNP,美国,德克萨斯州,登顿,公立，男女合校,1890,无,"37,175",综合性大学,www.unt.edu
霍恩海姆大学 ,,德国,,霍恩海姆,公立，男女合校,1818年*(1),无,"9,628(2013年)*(4)",综合性大学，可授予博士学位,www.uni-hildesheim.de
西弗吉尼亚大学 ,187*(3),美国,西弗吉尼亚州,摩根敦,公立，男女合校,1867年*(1),无,"28,448",全国性大学,www.wvu.edu
欧道明大学 ,RNP*(3),美国,弗吉尼亚州,诺福克,公立，男女合校,1930年*(1),无,"24,672*(4)",全国性大学,www.odu.edu
蒙大拿大学 ,207*(2),美国,蒙大拿州,米苏拉,公立，男女合校,1893年*(1),无,"13,044",全国性大学,www.umt.edu
密苏里大学堪萨斯城分校 ,216,美国,密苏里州,堪萨斯城,公立，男女合校,1929,无,"16,699",综合性大学,www.umkc.edu
阿伯斯威大学 ,82,英国,威尔士,阿伯斯威,公立，男女合校,1872年,无,"11,705",综合性大学,www.aber.ac.uk
中国人民大学 ,,,,,,,,,,
班戈大学 ,56,英国,威尔士,班戈,公立，男女合校,1884年,无,"11,255",综合性大学,www.bangor.ac.uk
马里兰大学巴尔的摩郡分校 ,159*(2),美国,马里兰州,巴尔的摩,公立，男女合校,1966年*(1),无,"13,839",全国性大学,www.umbc.edu
维多利亚大学（澳洲） ,ERA：29*(4),澳大利亚,维多利亚州,墨尔本,公立，男女合校,1916年*(2),无,"48,922(其中高等教育26,743人，,职业教育,22,179人)*(4)(5)",一星级大学,www.vu.edu.au
赫特福德大学 ,96,英国,英格兰,哈特菲尔德,公立，男女合校,1953年,无,"27,230",综合性大学,www.herts.ac.uk
纽芬兰纪念大学 ,6,加拿大,纽芬兰与拉布拉多省,圣约翰,公立，男女合校,1925年,无,"18,913",综合类大学,www.mun.ca
犹他州立大学 ,216,美国,犹他州,洛根,公立，男女合校,1888,无,"28,622",综合性大学,www.usu.edu
伊利诺伊理工学院 ,103*(3),美国,伊利诺伊州,芝加哥,私立，男女合校,1890年*(1),无,"7,792",全国性大学,www.iit.edu*(7)
奥克兰理工大学 ,,新西兰,,奥克兰,公立，男女合校,1895年,无,"27,140",综合性大学,www.aut.ac.nz
舍布鲁克大学 ,15,加拿大,魁北克省,舍布鲁克、隆格伊,公立，男女合校,1954年,无,"35,000",医博类大学,www.usherbrooke.ca
电子科技大学 ,,,,,,,,,,
肯特大学 ,33,英国,英格兰,坎特伯雷,公立，男女合校,1965年,无,"20,310",综合性大学,www.kent.ac.uk
哈勒-维滕贝格大学 ,,德国,,哈勒,公立，男女合校,1502年*(1),无,"21,000(2013年)*(4)",综合性大学，可授予博士学位,www.uni-halle.de
朴茨茅斯大学 ,55,英国,英格兰,朴茨茅斯,公立，男女合校,1869年,无,"23,705",综合性大学,www.port.ac.uk
威廉玛丽学院 ,32*(2),美国,弗吉尼亚州,威廉斯堡,公立，男女合校,1693,无,"8,484*(2)",全国性大学,www.wm.edu
怀俄明大学 ,181*(2),美国,怀俄明州,拉勒米,公立，男女合校,1886年*(1),无,"12,648*(2)",全国性大学,www.uwyo.edu
路易维尔大学 ,165,美国,肯塔基州,路易维尔,公立，男女合校,1798,无,"21,295",综合性大学,www.louisville.edu
阿拉斯加大学费尔班克斯分校 ,207*(5),美国,阿拉斯加州,费尔班克斯,公立，男女合校,1917年*(1),无,"8,719*(3)",全国性大学,www.uaf.edu
肯特州立大学 ,176,美国,俄亥俄州,肯特,公立，男女合校,1910,无,"29,762",综合性大学,www.kent.edu
化学 ,,,,,,,,,,
杨百翰大学 ,USNEWS：61*(3),美国,犹他州,"普罗沃,（Provo，UT）",私立，男女合校*(4),1865,摩门,"33,469",全国性大学,"home.byu.edu,*(4)"
利物浦约翰摩尔斯大学 ,83,英国,英格兰,利物浦,公立，男女合校,1823年,无,"24,455",综合性大学,www.ljmu.ac.uk
克莱蒙森大学 ,67*(2),美国,南卡罗来纳州,克莱蒙森,公立，男女合校,1889*(1),无,"21,957*(3)(4)",全国性大学,www.clemson.edu
曼海姆大学 ,,德国,,曼海姆,公立，男女合校,1907年*(1),无,"12,151*(4)",综合性大学，可授予博士学位,www.uni-mannheim.de
汉诺威大学 ,,德国,,汉诺威,公立，男女合校,1831年*(1),无,"23,877(2014年)*(4)",综合性大学，可授予博士学位,www.uni-hannover.de
拜罗伊特大学 ,,德国,,拜罗伊特,公立，男女合校,1975年*(1),无,"13,470(2013年)*(1)",综合性大学，可授予博士学位,www.uni-bayreuth.de
上海大学 ,,,,,,,,,,
拉夫堡大学 ,21,英国,英格兰,拉夫堡,公立，男女合校,1909年,无,"16,025",综合性大学,www.lboro.ac.uk
湖南大学 ,,,,,,,,,,
圣路易斯大学 ,94*(3),美国,密苏里州,"圣路易斯,市",公立，男女合校,1818年*(1),天主,"12,914",全国性大学,"www.slu.edu,*(4)"
赫瑞瓦特大学 ,38,英国,苏格兰,爱丁堡,公立，男女合校,1821年,无,"10,870",综合性大学,www.hw.ac.uk
萨斯喀彻温大学 ,14,加拿大,萨斯喀彻温省,萨斯卡通,公立，男女合校,1907年,无,"19,468",医博类大学,www.usask.ca
罗斯托克大学 ,,德国,,罗斯托克,公立，男女合校,1962年*(1),无,"14,417(2014年)*(4)",综合性大学，可授予博士学位,www.uni-rostock.de
兰州大学 ,,,,,,,,,,
四川大学 ,,,,,,,,,,
马萨诸塞大学波士顿分校 ,202,美国,马萨诸塞州,波士顿,公立，男女合校,1964,无,"17,030",综合性大学,www.umb.edu
华东理工大学 ,,,,,,,,,,
华东师范大学 ,,,,,,,,,,
圣地亚哥州立大学 ,140*(2),美国,加利福尼亚州,圣地亚哥,公立，男女合校,1897年*(1),无,"34,254",全国性大学,www.sdsu.edu
卡尔顿大学 ,6,加拿大,安大略省,渥太华,公立，男女合校,1942年,无,"26,769",综合类大学,www.carleton.ca
比勒费尔德大学 ,,德国,,比勒费尔德,公立，男女合校,1969年*(1),无,"19,666(2013年)*(4)",综合性大学，可授予博士学位,www.uni-bielefeld.de
华中师范大学 ,,,,,,,,,,
中佛罗里达大学 ,171,美国,佛罗里达州,奥兰多,公立，男女合校,1963,无,"63,002",综合性大学,www.ucf.edu
威斯康辛大学密尔沃基分校 ,RNP,美国,威斯康辛州,密尔沃基,公立，男女合校,1956,无,-,综合性大学,www.uwm.edu
斯旺西大学 ,47,英国,威尔士,斯旺西,公立，男女合校,1920年,无,"14,770",综合性大学,www.swan.ac.uk
斯凯莱德大学 ,42,英国,苏格兰,格拉斯哥,公立，男女合校,1796年,无,"19,755",综合性大学,www.strath.ac.uk
埃塞克斯大学 ,QS世界：42(370)；Times国内：39*(1),英国*(2),"苏格兰,*(2)","科尔切斯特,*(2)",公立，男女合校,1963年*(2),无,"13,980（全日制与非全日制）*(3)","1994集团,*(5)",www.essex.ac.uk
北京理工大学 ,,,,,,,,,,
中国农业大学 ,,,,,,,,,,
首府大学 ,USNEWS: 34*(3),美国,俄亥俄州,哥伦布,私立，男女合校,1830 *(2),,"3,465","中西部,地方性大学",www.capital.edu
新罕布什尔大学 ,USNEWS：103*(2),美国,新罕布什尔州,达勒姆,公立，男女合校*(3),1866,无,"15,398",全国性大学,www.unh.edu *(3)
康斯坦茨大学 ,,德国,,康斯坦次,公立，男女合校,1966年*(1),无,"11,337(2012年)*(1)",综合性大学，可授予博士学位,www.uni-konstanz.de
苏州大学 ,,,,,,,,,,
默多克大学 ,ERA：23*(3),澳大利亚,西澳大利亚州,"珀斯,（Perth）*(1) ",公立，男女合校*(1),1975年*(1),无,"22,000（其中海外学习的学生为8,000名）*(5)",三星级大学,www.murdoch.edu.au
德州理工大学 ,176*(2),美国,德克萨斯州,卢布克,公立，男女合校,1923*(1),无,"35,859*(3)",综合性大学,www.ttu.edu
俄克拉荷马州立大学 ,156,美国,俄克拉荷马州,"静水市（音译：,斯蒂尔沃特,）*(1)",公立，男女合校*(3),1890*(1),无,"25,806*(3)",全国性大学,www.okstate.edu
坦佩（亚利桑那州） ,,美国,亚利桑那州,,,,,,,
德克萨斯大学阿灵顿分校 ,RNP,美国,德克萨斯州,阿灵顿,公立，男女合校,1895,无,-,综合性大学,www.uta.edu
天津大学 ,,,,,,,,,,
不来梅大学 ,,德国,,不来梅,公立，男女合校,1584年*(1),无,"20,000(2013年)*(4)",综合性大学，可授予博士学位,www.uni-bremen.de
佐治亚州立大学 ,USNEWS：223*(2),美国,佐治亚州,亚特兰大,公立，男女合校*(4),1913,,"32,080",全国性大学,www.gsu.edu
梅西大学 ,,新西兰,,"北,帕默斯顿,、,奥克兰,、,惠灵顿",公立，男女合校,1927年,无,"33,904",综合性大学,www.massey.ac.nz
伦敦商学院 ,,,,,,,,,,
吉林大学 ,,,,,,,,,,
惠灵顿维多利亚大学 ,,新西兰,,惠灵顿,公立，男女合校,1897年,无,"22,234",综合性大学,www.victoria.ac.nz
德克萨斯大学安东尼奥分校 ,RNP,美国,德克萨斯,安东尼奥,公立，男女合校,1969,无,"28,787",综合性大学,www.utsa.edu
伍斯特（马萨诸塞州） ,,美国,马萨诸塞州,,,,,,,
中南大学 ,,,,,,,,,,
萨尔大学 ,,德国,,萨尔布吕肯,公立，男女合校,1948年*(1),无,"18,492(2013年)*(6)",综合性大学，可授予博士学位,www.uni-saarland.de
南卫理公会大学 ,61*(9),美国,德克萨斯州,达拉斯,私立，男女合校,1911*(1),卫理公会,"11,643",全国性大学,www.smu.edu
北京航空航天大学 ,,,,,,,,,,
斯图加特大学 ,,德国,,斯图加特,公立，男女合校,1829年*(1),无,"22,600(2011年)*(4)",综合性大学，可授予博士学位,www.uni-stuttgart.de
阿拉巴马大学 ,110*(2),美国,阿拉巴马州,塔斯卡卢萨,公立，男女合校,1831*(1),无,"37,100",全国性大学,www.ua.edu
佛蒙特大学 ,USNEWS：97*(2),美国,佛蒙特州,伯灵顿,公立，男女合校*(3),1791,无,"11,923",全国性大学,"www.uvm.edu, *(3)"
大连理工大学 ,,,,,,,,,,
普利茅斯大学 ,73,英国,英格兰,普利茅斯,公立，男女合校,1862年,无,"31,105",综合性大学,www.plymouth.ac.uk
杜兰大学 ,USNEWS：40*(3),美国,路易斯安那州,"新奥尔良,市",私立，男女合校*(4),1834,,"13,449*(6)",全国性大学,tulane.edu
莫斯科（爱达荷州） ,,美国,爱达荷州,,,,,,,
波茨坦大学 ,,德国,,波茨坦,公立，男女合校,1991年*(1),无,"19,972(2014年)*(4)",综合性大学，可授予博士学位,www.uni-potsdam.de
科罗拉多矿业学院 ,75*(2),美国,科罗拉多州,戈尔登,公立，男女合校,1873-1874年*(1),无,"5,518（不含Part-time）；5,924（含Part-time）",全国性大学,www.mines.edu
贵湖大学 ,5,加拿大,安大略省,贵湖,公立，男女合校,1964年,无,"21,915",综合类大学,www.uoguelph.ca
乔治梅森大学 ,140*(3),美国,弗吉尼亚州,费尔法克斯,公立，男女合校,1972,无,"33,925",全国性大学,https://www2.gmu.edu*(4)
达姆施塔特工业大学 ,,德国,,达姆施塔特,公立，男女合校,1877年*(1),无,"25,100(2014年)*(4)",综合性大学，可授予博士学位,www.tu-darmstadt.de
拉筹伯大学 ,ERA：20*(4),澳大利亚,维多利亚州,墨尔本,公立，男女合校,1967年*(2),无,"35,073(含非全日制及无学位项目学生)*(5)",三星或四星级大学,www.latrobe.edu.au
马尔堡大学 ,,德国,,马尔堡,公立，男女合校,1527年*(1),无,"25,700*(4)",综合性大学，可授予博士学位,www.uni-mannheim.de
雷根斯堡大学 ,,德国,,雷根斯堡,公立，男女合校,1962年*(1),无,"17,320*(1)",综合性大学，可授予博士学位,www.uni-regensburg.de
伦斯勒理工学院 ,42*(3),美国,纽约州,特洛伊,私立，男女合校,1824*(1),无,"7,113",全国性大学,www.rpi.edu
布鲁内尔大学 ,46,英国,英格兰,阿克斯布里奇,公立，男女合校,1966年,无,"15,885",综合性大学,www.brunel.ac.uk
佛罗里达国际大学 ,216,美国,佛罗里达州,迈阿密,公立，男女合校,1965,无,"49,892",综合性大学,www.fiu.edu
萨里大学 ,12,英国,英格兰,吉尔福德,公立，男女合校,1891年,无,"15,055",综合性大学,www.surrey.ac.uk
圣地亚哥大学 ,90*(3),美国,加州,圣地亚哥,私立，男女合校,1949,罗马天主,"8,251",全国性大学,www.sandiego.edu
多特蒙德工业大学 ,,德国,,多特蒙德,公立，男女合校,1968年*(1),无,"27,010(2012年)*(4)",综合性大学，可授予博士学位,www.uni-dortmund.de
巴斯（英格兰） ,,英国,,,,,,,,
曼尼托巴大学 ,16,加拿大,曼尼托巴省,温尼伯格,公立，男女合校,1877年,无,"28,335",医博类大学,umanitoba.ca
波士顿学院 ,32*(3),美国,马萨诸塞州,"栗树山, *(2)",私立，男女合校,1863,天主教 *(1),"13,705",全国性大学,www.bc.edu
密西西比大学 ,32*(4),美国,密西西比州,牛津,公立，男女合校,1848年*(1),无,"23,212",全国性大学,www.olemiss.edu
华南理工大学 ,,,,,,,,,,
斯威本科技大学 ,ERA：15*(2),澳大利亚,维多利亚州,墨尔本,公立，男女合校,1908年*(1),无,"20,864（EFTSL，未计TAFE）*(3)",三星级大学,www.swinburne.edu.au
莱德大学 ,34*(3),美国,新泽西州,"劳伦斯,维尔",私立，男女合校,1865 *(2),无,"5,075","北部,地方性大学",www.rider.edu
山东大学 ,,,,,,,,,,
中国地质大学 ,,,,,,,,,,
德雷塞尔大学 ,94*(2),美国,宾夕法尼亚州,费城,私立，男女合校,1891*(1),无,"26,359*(3)",全国性大学,www.drexel.edu
东南大学 ,,,,,,,,,,
约克大学（加拿大） ,8,加拿大,安大略省,多伦多,公立，男女合校,1959年,无,"52,030",综合类大学,www.yorku.ca
皇家墨尔本理工大学 ,ERA：16*(3),澳大利亚,维多利亚州,"墨尔本,（Melbourne）",公立，男女合校,1887年*(2),无,"74,000*(2)",四星级大学,www.rmit.edu.au
西安交通大学 ,,,,,,,,,,
休斯敦大学 ,USNEWS：192*(2),美国,德克萨斯州,休斯敦,公立，男女合校*(3),1927,无,"42,704",全国性大学,www.uh.edu *(3)
堪萨斯州立大学 ,USNEWS：145*(3),美国,堪萨斯州,曼哈顿,公立，男女合校*(4),1863,无,"24,146",全国性大学,www.k-state.edu *(4)
弗吉尼亚联邦大学 ,171*(6),美国,弗吉尼亚州,里士满,公立，男女合校,1838年*(1),无,"31,242*(2)",全国性大学,www.vcu.edu
佛林德斯大学 ,ERA：28*(2),澳大利亚,南澳大利亚州,"阿德雷德,（Adelaide）",公立，男女合校,1866年*(1),无,"24,537*(6)",四星级大学,www.flinders.edu.au
夏威夷大学马诺阿分校 ,159*(4),美国,夏威夷州,檀香山,公立，男女合校,1907年*(1),无,"18,865",全国性大学,www.manoa.hawaii.edu
皇后大学 ,4,加拿大,安大略,金斯顿,公立，男女合校,1841年,无,"18,531",医博类大学,www.queensu.ca
天普大学 ,115*(2),美国,宾夕法尼亚州,费城,公立，男女合校,1884年*(1),无,"38,027",全国性大学,www.temple.edu
早稻田大学 ,,,,,,,,,,
吉森大学 ,,德国,,吉森,公立，男女合校,1607年*(1),无,"26,500(2014年)*(4)",综合性大学，可授予博士学位,www.uni-giessen.de
莱比锡大学 ,,德国,,莱比锡,公立，男女合校,1409年*(1),无,"28,125 *(1)",综合性大学，可授予博士学位,www.uni-leipzig.de
南澳大学 ,ERA：14*(2),澳大利亚,南澳大利亚州,阿德雷德,公立，男女合校,1874年*(3),无,"33,549（含非全日制学生及海外学生）*(4)",三星或四星级大学,www.unisa.edu.au
波鸿大学 ,,德国,,波鸿,公立，男女合校,1962年*(1),无,"41,456(2013年)*(4)",综合性大学，可授予博士学位,www.ruhr-uni-bochum.de
汉诺威医学院 ,,德国,,汉诺威,公立，男女合校,1965年*(1),无,"2,688(2014年)*(1)",医科大学，可授予博士学位,www.mh-hannover.de
厦门大学 ,,,,,,,,,,
雪城大学 ,USNEWS：61*(3),美国,纽约州,锡拉丘兹,私立，男女合校*(4),1870,,"21,789",全国性大学,www.syr.edu
耶拿大学 ,,德国,,耶拿,公立，男女合校,1558年*(1),无,"21,195*(1)",综合性大学，可授予博士学位,www.uni-jena.de
巴斯大学 ,QS:179 (Times:7),英国*(1),英格兰,巴斯,公立，男女合校,1966年*(1),无,"15,155（含全日制与非全日制）*(2)",综合性大学,
路易斯安那州立大学 ,133*(4),美国,路易斯安那州,巴吞鲁日,公立，男女合校,1860年*(1),无,"31,524",全国性大学,www.lsu.edu
科罗拉多大学丹佛分校 ,207*(1),美国,科罗拉多州,丹佛,公立，男女合校,1912,无,"22,791",综合性大学,www.ucdenver.edu*(4)
华盛顿州立大学 ,USNEWS：140*(3),美国,华盛顿州,普尔曼,公立，男女合校*(4),1890,无,"29,686",全国性大学,www.wsu.edu*(4)
南开大学 ,,,,,,,,,,
密苏里大学 ,USNEWS：120*(6),美国,密苏里州,哥伦比亚,公立，男女合校*(3),1839,无,"35,448",全国性大学,www.missouri.edu *(7)
筑波大学 ,,,,,,,,,,
戴尔豪斯大学 ,7,加拿大,新斯科舍,"哈利法克斯,市、特鲁罗镇",公立，男女合校,1818年,无,"18,354",医博类大学,www.dal.ca
同济大学 ,,,,,,,,,,
杜塞尔多夫大学 ,,德国,,杜塞尔多夫,公立，男女合校,1965年*(1),无,"20,515(2012年)*(1)",综合性大学，可授予博士学位,www.uni-duesseldorf.de
西悉尼大学 ,ERA：19*(1),澳大利亚,"新南威尔士州,*(2)","悉尼,*(2)",公立，男女合校*(2),1989年*(2),无,"42,000*(3)",二星级大学,
俄克拉荷马大学 ,97*(3),美国,俄克拉荷马州,诺曼,公立，男女合校,1890,无,"30,747",全国性大学,www.ou.edu
北京师范大学 ,,,,,,,,,,
武汉大学 ,,,,,,,,,,
肯塔基大学 ,133*(2),美国,肯塔基州,列克星敦,公立，男女合校,1865年*(1),无,-,全国性大学,www.uky.edu
九州大学 ,,,,,,,,,,
坎特伯雷大学（新西兰） ,,新西兰,,基督城,公立，男女合校,1873年,无,"15,608",综合性大学,www.canterbury.ac.nz
贝勒大学 ,USNEWS：75*(2),美国,德克萨斯州,韦科,私立，男女合校*(3),1845,浸信会,"16,787*(3)",全国性大学,www.baylor.edu
维克森林大学 ,USNEWS：27*(3),美国,北卡罗来纳州,温斯顿-塞纳姆,私立，男女合校*(4),1834,,"7,837",全国性大学,www.wfu.edu
南卡罗来纳大学 ,103*(3),美国,南卡罗来纳州,哥伦比亚,公立，男女合校,1801年*(1),无,-,全国性大学,www.sc.edu
纽约州立大学阿尔巴尼分校 ,151*(2),美国,纽约州,阿尔巴尼,公立，男女合校,1844*(1),无,"17,178",全国性大学,www.albany.edu
康涅狄格大学 ,56*(2),美国,康涅狄格州,斯托尔斯,公立，男女合校,1881*(1),无,"26,541",全国性大学,www.uconn.edu
印第安纳普渡大学 ,192,美国,印第安纳州,印第安纳波利斯,公立，男女合校,1969,无,"30,105",综合性大学,www.iupui.edu
哈尔滨工业大学 ,,,,,,,,,,
柏林工业大学 ,,德国,,柏林,公立，男女合校,1770年*(1),无,"30,684(2013年)*(4)",综合性大学，可授予博士学位,www.tu-berlin.de
伦敦大学皇家霍洛威学院 ,28,英国,英格兰,伦敦,公立，男女合校,1849年,无,"9,865",综合性大学,www.rhul.ac.uk
拉瓦尔大学 ,10,加拿大,魁北克省,魁北克城,公立，男女合校,1663年,无,"37,591",医博类大学,www.ulaval.ca
韦恩州立大学 ,223*(2),美国,密歇根州,底特律,公立，男女合校,1868年*(1),无,"27,222",全国性大学,www.wayne.edu
贝尔法斯特女王大学 ,29,英国,北爱尔兰,贝尔法斯特,公立，男女合校,1849年,无,"22,985",综合性大学,www.qub.ac.uk
杜伊斯堡-埃森大学 ,,德国,,杜伊斯堡、埃森,公立，男女合校,1654年*(1),无,"38,986(2013年)*(5)",综合性大学，可授予博士学位,www.uni-duisburg-essen.de
乌尔姆大学 ,,德国,,乌尔姆,公立，男女合校,1967年*(1),无,"9,188(2013年)*(4)",综合性大学，可授予博士学位,www.uni-ulm.de
西门菲莎大学 ,1,加拿大,英属哥伦比亚省,本那比,公立，男女合校,1965年,无,"35,604",综合类大学,www.sfu.ca
华中科技大学 ,,,,,,,,,,
塔斯马尼亚大学 ,ERA：11*(1),澳大利亚,塔斯马尼亚,"霍巴特,*(2)",公立，男女合校*(2),1890年*(2),无,"26,783*(2)",四星级大学,www.utas.edu.au*(2)
维多利亚大学 ,2,加拿大,英属哥伦比亚省,维多利亚,公立，男女合校,1963年,无,"22,405",综合类大学,www.uvic.ca
特拉华大学 ,81*(2),美国,特拉华州,纽华克,公私立兼有，男女合校,1743*(1),无,"22,074",全国性大学,www.udel.edu
南佛罗里达大学 ,140*(2),美国,佛罗里达州,坦帕,公立，男女合校,1956年*(1),无,"42,132",全国性大学,www.usf.edu
纽卡斯尔大学（澳洲） ,ERA：13*(1),澳大利亚*(2),新南威尔士州,纽卡斯尔*(2),公立，男女合校,1965年*(2),无,"35,998（其他学生人数：4,597）*(2)",四星级大学,www.newcastle.edu.au
卧龙岗大学 ,ERA：9*(2),澳大利亚,新南威尔士州,"卧龙岗,（Wollongong）",公立，男女合校,1951年*(1),无,"28,964（2012年统计数据）",四星级大学,www.uow.edu.au
乔治敦大学 ,20*(2),美国,"哥伦比亚,特区",华盛顿,公立，男女合校,1789*(1),耶稣会（罗马天主教）,"18,459",全国性大学,www.georgetown.edu
西安大略大学 ,8,加拿大,安大略省,"伦敦,市",公立，男女合校,1878年,无,"27,525",医博类大学,www.uwo.ca
内布拉斯加大学林肯分校 ,124*(3),美国,内布拉斯加州,林肯,公立，男女合校,1869年*(1),无,"25,260",全国性大学,www.unl.edu
俄勒冈大学 ,USNEWS：103*(2),美国,俄勒冈州,尤金,私立，男女合校*(3),1876,无,"24,032",全国性大学,www.uoregon.edu*(3)
佐治亚大学 ,54*(2),美国,佐治亚州,"阿森斯,（Athens,GA）",公立，男女合校,1785*(1),无,"36,130*(3)",全国性大学,www.uga.edu
东安格利亚大学 ,QS世界：33(240)；Times国内：18,英国,英格兰,诺里奇,公立，男女合校,"1963 ,*(1)",无,"17,140（含全日制与非全日制）*(2)",综合性大学,www.uea.ac.uk
雷丁大学 ,QS世界：30(202)；Times国内：35*(1),英国,英格兰,雷丁,公立，男女合校,1892年*(2),无,"13,595（含全日制与非全日制）*(3)",综合性大学,www.reading.ac.uk
邓迪大学 ,49,英国,苏格兰,邓迪,公立，男女合校,1881年,无,"16,500",综合性大学,www.dundee.ac.uk
基尔大学（德国） ,,德国,,基尔,公立，男女合校,1665年*(1),无,"24,108 *(1)",综合性大学，可授予博士学位,www.uni-kiel.de
叶史瓦大学 ,94*(5),美国,纽约州,纽约市,私立，男女合校,1886年*(1),犹太教,"6,203",全国性大学,www.yu.edu
格里菲斯大学 ,ERA：16*(2),澳大利亚,昆士兰州,"布里斯班,（Brisbane）",公立，男女合校,1971年*(1),无,"43,,000*(3)",三星级大学,www.griffith.edu.au
布兰迪斯大学 ,34*(2),美国,马萨诸塞州,沃尔瑟姆,私立，男女合校,1948*(1),无,"5,752",全国性大学,www.brandeis.edu
乔治华盛顿大学 ,USNEWS：56*(3),美国,"哥伦比亚,特区",华盛顿,私立，男女合校*(4),1821,,"26,212*(4)",全国性大学,www.gwu.edu
弗吉尼亚理工学院 ,69*(3),美国,弗吉尼亚州,黑堡,公立，男女合校,1872*(1),无,"30,598",全国性大学,www.vt.edu
悉尼科技大学 ,ERA：13*(1),澳大利亚,"新南威尔士州,*(2)",悉尼,公立，男女合校,1893*(2),无,"37,673*(2)",四星级大学,www.uts.edu.au
迪肯大学 ,ERA：17*(2),澳大利亚,维多利亚州,"墨尔本,（Melbourne）*(1) ",公立，男女合校,1974年*(1),无,"49,373（其中远程,教育学,生人数为11,8771）*(3)",三星级大学,www.deakin.edu.au
詹姆斯库克大学 ,ERA：18*(3),澳大利亚,昆士兰州,"布里斯班,（Brisbane）*(1)",公立，男女合校,1970年*(1),无,"20,000*(2)",二星级大学（版本不同，有的版本将其归为三星级大学）,www.jcu.edu.au
科廷大学 ,ERA：26*(3),澳大利亚,西澳大利亚州,珀斯,公立，男女合校,1958年*(1),无,"51,595（含无学位，全日制占比68%）*(4)",三星级大学,www.curtin.edu.au
圣安德鲁斯大学 ,4,英国,苏格兰,圣安德鲁斯,公立，男女合校,1413年,无,"9,850",综合性大学,www.st-andrews.ac.uk
科罗拉多州立大学 ,124*(2),美国,科罗拉多州,柯林斯堡,公立，男女合校,1870年*(1),无,"31,943",全国性大学,www.colostate.edu
昆士兰科技大学 ,ERA：12,澳大利亚,昆士兰州,布里斯班,公立，男女合校,1989年,无,"47,229（含非全日制学生）*(1)",四星级大学,www.qut.edu.au
阿伯丁大学 ,40,英国,苏格兰,阿伯丁,公立，男女合校,1495年,无,"15,515",综合性大学,www.abdn.ac.uk
纽约州立大学水牛城分校 ,97*(3),美国,纽约州,水牛城,公立，男女合校,1846*(1),无,"29,944",全国性大学,www.buffalo.edu
堪萨斯大学 ,115*(2),美国,堪萨斯州,劳伦斯,公立，男女合校,1865年*(1),无,"24,708",全国性大学,www.ku.edu
名古屋大学 ,,,,,,,,,,
中山大学 ,,,,,,,,,,
科隆大学 ,,德国,,科隆,公立，男女合校,1388年*(2),无,"45,606(2012年)*(2)",综合性大学，可授予博士学位,www.uni-koeln.de
俄勒冈州立大学 ,USNEWS：145*(3),美国,俄勒冈州,科瓦利斯,公立，男女合校*(4),1868,,"29,576",全国性大学,www.oregonstate.edu *(4)
滑铁卢大学 ,综合类第3,加拿大,安大略省,滑铁卢,公立，男女合校,1957年,无,"31,362",综合类大学,www.uwaterloo.ca
伦敦政治经济学院 ,QS世界：13(71)；Times国内：3,英国,英格兰,伦敦,公立，男女合校,1895年*(1),无,"10,145（含全日制与非全日制）*(2)",综合性大学,www.lse.ac.u
约克大学（英国） ,11,英国,英格兰,约克,公立，男女合校,1963年,无,"17,405",综合性大学,www.york.ac.uk
新墨西哥大学 ,192*(6),美国,新墨西哥州,阿布奎基,公立，男女合校,1889年*(1),无,"27,353",全国性大学,www.unm.edu
奥塔戈大学 ,,新西兰,,"奥塔戈、,达尼丁",公立，男女合校,1883年,无,"21,728",综合性大学,www.otago.ac.nz
达特茅斯学院 ,11*(2),美国,新罕布什尔州,汉诺威,私立，男女合校,1769*(1),无,"6,350",全国性大学,www.dartmouth.edu
德克萨斯大学达拉斯分校 ,145*(4),美国,德克萨斯州,达拉斯,公立，男女合校,1969年,无,"24,554",全国性大学,UTDallas.edu
维尔茨堡大学 ,,德国,,维尔茨堡,公立，男女合校,1402年*(1),无,"28,395*(1)",综合性大学，可授予博士学位,www.uni-wuppertal.de
埃尔朗根-纽伦堡大学 ,,德国,,埃尔朗根、纽伦堡,公立，男女合校,1742年*(1),无,"37,891(2014年)*(5)",综合性大学，可授予博士学位,www.fau.de
萨塞克斯大学 ,32,英国,英格兰,法尔默,公立，男女合校,1961年,无,"13,130",综合性大学,www.sussex.ac.uk
美因茨大学 ,,德国,,美因茨,公立，男女合校,1946年*(1),无,"36,028*(4)",综合性大学，可授予博士学位,www.uni-mainz.de
渥太华大学 ,8,加拿大,安大略,渥太华,公立，男女合校,1848年,无,"42,027",医博类大学,www.uottawa.ca
巴尔的摩 ,,美国,马里兰州,,,,,,,
爱荷华州立大学 ,USNEWS：115*(3),美国,爱荷华州,"埃姆斯,市",公立，男女合校*(4),1858,,"35,714",全国性大学,www.iastate.edu*(4)
兰卡斯特大学 ,QS世界：25(160)；Times国内：12,英国,英格兰,兰卡斯特,公立，男女合校,1964年*(1),无,"13,080（含全日制与非全日制）*(2)",综合性大学,www.lancs.ac.uk
莱斯特大学 ,QS世界：31(211)；Times国内：14,英国,英格兰,莱斯特,公立，男女合校,1921年*(1),无,"16,750（含全日制与非全日制）*(2)",综合性大学,
北卡罗来纳州立大学 ,81*(2),美国,北卡罗来纳州,罗利,公立，男女合校,1887年*(1),无,"33,989",全国性大学,www.ncsu.edu
大阪大学 ,,,,,,,,,,
明斯特大学 ,,德国,,明斯特,公立，男女合校,1780年*(1),无,"42,592(2014年)*(4)",综合性大学，可授予博士学位,www.uni-muenster.de
南京大学 ,,,,,,,,,,
纽卡斯尔大学（英国） ,18,英国,英格兰,诺威治,公立，男女合校,1963年,无,"21,055",综合性大学,www.ncl.ac.uk
卡尔加里大学 ,9,加拿大,阿尔伯塔省,卡尔加里,公立，男女合校,1966年,无,"31,327",医博类大学,www.ucalgary.ca
麦考瑞大学 ,ERA：8*(1),澳大利亚,新南威尔士州,悉尼,公立，男女合校,1964*(2),无,"38,747",四星级大学,www.mq.edu.au
东北大学 ,40*(2),美国,马萨诸塞州,波士顿,私立，男女合校,1898*(1),无,"24,944",全国性大学,www.northeastern.edu
田纳西大学 ,103*(3),美国,田纳西州,诺克斯维尔,公立，男女合校,1794*(1),无,"27,845",全国性大学,www.utk.edu*(5)
德累斯顿工业大学 ,,德国,,德累斯顿,公立，男女合校,1828年*(4),无,"37,134(2013年)*(4)",综合性大学，可授予博士学位,tu-dresden.de
伊利诺伊大学芝加哥分校 ,145*(3),美国,伊利诺伊州,芝加哥,公立，男女合校,1982年*(1),无,"29,048",全国性大学,www.uic.edu*(5)
法兰克福大学 ,,德国,,法兰克福（美因河畔）,公立，男女合校,1914年/1991年*(1),无,"41,000(2012年)*(4)",综合性大学，可授予博士学位,www.uni-frankfurt.de
辛辛那提大学 ,133*(3),美国,俄亥俄州,辛辛那提,公立，男女合校,1819年*(1),无,"36,087",全国性大学,www.uc.edu
亚琛工业大学 ,,德国,,亚琛,公立，男女合校,1870*(1),无,"40,025(2013年)*(5)",综合性大学，可授予博士学位,www.rwth-aachen.de
卡尔斯鲁厄理工学院 ,,德国,,卡尔斯鲁厄,公立，男女合校,1825/1865/2009年*(1),无,"22,146(2013年) *(4)",综合性大学，可授予博士学位,www.kit.edu
浙江大学 ,,,,,,,,,,
阿拉巴马大学伯明翰分校 ,159*(5),美国,阿拉巴马州,伯明翰,公立，男女合校,1969年*(1),无,"18,698",全国性大学,www.uab.edu
佛罗里达州立大学 ,81*(3),美国,佛罗里达州,塔拉哈希,公立，男女合校,1851*(1),无,"40,920",全国性大学,"www.fsu.edu, *(4)"
圣母大学 ,18*(3),美国,印第安纳州,诺特丹,私立，男女合校,1842*(1),天主,"12,292",全国性大学,www.nd.edu
蒂宾根大学 ,,德国,,蒂宾根,公立，男女合校,1477年*(2),无,"27,132(2012年)*(2)",综合性大学，可授予博士学位,www.uni-tuebingen.de
杜伦大学 ,QS：11(61)；Times：5,英国,英格兰,杜伦,公立，男女合校,1832*(1),无,"17,190（含全日制与非全日制学生）",综合性大学,www.dur.ac.uk
卡迪夫大学 ,33,英国,威尔士,卡迪夫,公立，男女合校,1883年,无,"27,745",综合性大学,www.cardiff.ac.uk
塔夫斯大学 ,USNEWS：29*(2),美国,马萨诸塞州,"梅德福德,、,萨默维尔",私立，男女合校*(3),1852,,"11,767",全国性大学,www.tufts.edu
弗莱堡大学 ,,德国,,弗莱堡,公立，男女合校,1457年*(1),无,"24,721*(4)",综合性大学，可授予博士学位,www.uni-freiburg.de
复旦大学 ,,,,,,,,,,
上海交通大学 ,,,,,,,,,,
圣保罗（明尼苏达州） ,,美国,明尼苏达州,,,,,,,
纽约州立大学石溪分校 ,97*(2),美国,纽约州,石溪,公立，男女合校,1957*(3),无,"21,050",全国性大学,www.stonybrook.edu
中国科学技术大学 ,,,,,,,,,,
哥廷根大学 ,,德国,,哥廷根,公立，男女合校,1607年*(1),无,"26,472(2013年)*(5)",综合性大学，可授予博士学位,www.uni-giessen.de
迈阿密大学 ,46*(2),美国,佛罗里达州,科勒尔盖布尔斯,私立，男女合校,1925年*(1),无,"16,774",全国性大学,www.miami.edu
诺丁汉大学 ,QS：14(70)；Times：25,英国,英格兰,诺丁汉,公立，男女合校,1881*(1),无,"33,270（含全日制与非全日制学生）",综合性大学,www.nottingham.ac.uk
奥克兰大学 ,,新西兰,,奥克兰,公立，男女合校,1883年,无,"39,940",综合性大学,www.auckland.ac.nz
凯斯西储大学 ,37*(2),美国,俄亥俄州,克里夫兰,私立，男女合校,1967*(1),无,"11,340",全国性大学,www.case.edu
爱荷华大学 ,78*(2),美国,爱荷华州,爱荷华城,公立，男女合校,1847*(1),无,"31,387",全国性大学,www.uiowa.edu
埃克塞特大学 ,QS：27(161)；Times：7,英国,英格兰,埃克塞特,公立，男女合校,1922年*(1),无,"19,520（含全日制与非全日制学生）*(2)",综合性大学,
汉堡大学 ,,德国,,汉堡,公立，男女合校,1919年*(1),无,"41,760(2014年)*(4)",综合性大学，可授予博士学位,www.uni-hamburg.de
阿尔伯塔大学 ,5,加拿大,阿尔伯塔,埃德蒙顿,公立，男女合校,1908年,无,"38,774",医博类大学,www.ualberta.ca
利物浦大学 ,36,英国,英格兰,利物浦,公立，男女合校,1882年,无,"21,875",综合性大学,www.liv.ac.uk
蒙特利尔大学 ,10,加拿大,魁北克省,蒙特利尔,公立，男女合校,1878年,无,"58,482",医博类大学,www.umontreal.ca
加州大学河滨分校 ,124*(2),美国,加利福尼亚州,河滨,公立，男女合校,1954*(1),无,-,全国性大学,www.ucr.edu
亚利桑那州立大学 ,115*(3),美国,亚利桑那州,"坦佩,、,菲尼克斯,、梅沙、哈瓦苏湖城",公立，男女合校,1885*(2),无,"51,984",全国性大学,www.asu.edu
麦克马斯特大学 ,医博类第6,加拿大,安大略省,汉密尔顿（安大略省）,公立，男女合校,1887年,无,"24,461",医博类大学,www.mcmaster.ca
法语 ,,,,,,,,,,
犹他大学 ,110*(3),美国,犹他州,盐湖城,公立，男女合校,1850年*(1),无,"31,551",全国性大学,www.utah.edu
贝勒医学院 ,,美国,德克萨斯州,休斯敦,公立，男女合校,1900*(1),无,"2,134，其中：,★Medical School 747人,★Graduate School 615人,★Allied Health 190人,★Postdocs 582人*(1)",,www.bcm.edu
印第安纳大学伯明顿分校 ,90*(2),美国,印第安纳州,伯明顿,公立，男女合校,1820*(1),无,"48,514",全国性大学,www.iub.edu
马萨诸塞大学阿默斯特分校 ,USNEWS：75*(3),美国,马萨诸塞州,阿默斯特,公立，男女合校*(4),1863,,"29,269",全国性大学,www.umass.edu
柏林自由大学 ,,德国,,柏林,公立，男女合校,1948年*(4),无,"34,518(2013年)*(4)",综合性大学，可授予博士学位,www.fu-berlin.de
京都大学 ,,,,,,,,,,
谢菲尔德大学 ,QS世界：12(69)；Times国内：18,英国*(1),英格兰,"谢菲尔德,*(1)",公立，男女合校*(1),1828年*(1),无,"26,600（含全日制与非全日制）*(2)",综合性大学*(1),
罗切斯特大学 ,USNEWS：34*(3),美国,纽约州,罗彻斯特（Rochester）,私立，男女合校*(4),1850,,"9,470",全国性大学,"www.rochester.edu, *(4)"
波恩大学 ,,德国,,波恩,公立，男女合校,1962年*(1),无,"32,500(2012年8月)*(4)",综合性大学，可授予博士学位,www.uni-bonn.de
利兹大学 ,QS世界：18(87)；Times国内：17,英国,"英格兰,*(1)","利兹,*(1)",公立，男女合校,1874年*(1),无,"30,975（含全日制与非全日制）*(2)",综合性大学,www.leeds.ac.uk
德州农工大学 ,USNEWS：69*(4),美国,德克萨斯州,卡城,公立，男女合校*(5),1876,,"63,429",全国性大学,"www.tamu.edu, *(5)"
华威大学 ,QS：10(48)；Times：8,英国,英格兰,考文垂,公立，男女合校,1965*(1),无,"25,245（含全日制与非全日制学生）",综合性大学,www.warwick.ac.uk
南安普敦大学 ,20,英国,英格兰,谢菲尔德,公立，男女合校,1862年,无,"24,135",综合性大学,www.southampton.ac.uk
伦敦大学玛丽女王学院 ,QS：20(109)；Times：34,英国*(1),"英格兰,*(1)","伦敦,*(1)",公立，男女合校*(1),1785*(1),无*(1),"15,960（含全日制与非全日制学生）*(2)",综合性大学*(1),http://www.qmul.ac.uk/*(1)
弗吉尼亚大学 ,25*(2),美国,弗吉尼亚州,夏洛特维尔,公立，男女合校,1819*(1),无,"21,985*(5)",全国性大学,www.virginia.edu
阿德雷德大学 ,ERA：7*(4),澳大利亚,南澳大利亚州,阿德雷德,公立，男女合校,1874年*(3),无,"20,779（含无学位项目学生）*(5)",五星级大学,www.adelaide.edu.au
柏林洪堡大学 ,,德国,,柏林,公立，男女合校,1810年*(5),无,"30,320(2014年)*(6)",综合性大学，可授予博士学位,www.hu-berlin.de
普渡大学西拉法叶分校 ,56*(5),美国,印第安纳州,西拉法叶,公立，男女合校,1869*(2),无,"39,409*(4)",全国性大学,www.purdue.edu
布朗大学 ,USNEWS：14*(3),美国,罗德岛州,普罗维登斯,私立，男女合校*(4),1764,,"9,458",全国性大学,"www.brown.edu,*(4)"
罗格斯大学 ,69*(2),美国,新泽西州,"新布伦瑞克,、,皮斯卡特维",公立，男女合校,1766*(2),无,"48,378",全国性大学,www.newbrunswick.rutgers.edu
慕尼黑工业大学 ,,德国,,慕尼黑,公立，男女合校,1868*(1),无,"35,979(2013年)*(5)",综合性大学，可授予博士学位,www.tum.de
伯明翰大学 ,QS世界：64(11)；Times国内：16,英国,"英格兰,*(1)","伯明翰,*(1)",公立，男女合校*(1),1825年*(1),无,"32,335（含全日制与非全日制）*(2)",综合性大学,
莱斯大学 ,14*(2),美国,德克萨斯州,休斯敦,私立，男女合校,1891*(1),无,"6,623",全国性大学,www.rice.edu
西澳大学 ,ERA：6*(5),澳大利亚,西澳大利亚州,珀斯,公立，男女合校,1911年*(1),无,"25,047*(6)",五星级大学,www.uwa.edu.au
伦敦大学 ,,,,,,,,,,www.london.ac.uk
加州大学尔湾分校 ,42*(2),美国,加利福尼亚州,尔湾,公立，男女合校,1965年*(1),无,"31,551*(3)",全国性大学,www.uci.edu
格拉斯哥大学 ,QS：12(62)；Times：26,英国,苏格兰,格拉斯哥,公立，男女合校,1451*(1),无,"27,390（含全日制与非全日制学生）",综合性大学,www.gla.ac.uk
医学 ,,,,,,,,,,
亚利桑那大学 ,124*(2),美国,亚利桑那州,图森,公立，男女合校,1885*(2),无,"43,088*(3)",全国性大学,www.arizona.edu
卡耐基梅隆大学 ,25*(3),美国,宾夕法尼亚州,匹兹堡,私立，男女合校,1900*(1),无,"13,648",全国性大学,www.cmu.edu
密歇根州立大学 ,81*(2),美国,密歇根州,东兰辛,公立，男女合校,1855*(1),无,"50,543",全国性大学,www.msu.edu
澳洲国立大学 ,ERA：3*(2),澳大利亚,首都特区,堪培拉,公立，男女合校,1946年*(3),无,"21,149*(4)",五星级大学,www.anu.edu.au
布里斯托大学 ,QS世界：7(29)；Times国内：15,英国,英格兰,布里斯托,公立，男女合校,1909年*(1),无,"20,107（含全日制与非全日制）*(3)",综合性大学,bristol.ac.uk
佐治亚理工学院 ,34*(2),美国,佐治亚州,亚特兰大,公立，男女合校,1885*(1),无,"23,109",全国性大学,www.gatech.edu
北京大学 ,,,,,,,,,,
艾茉莉大学 ,21*(2),美国,"佐治亚州, *(1)","亚特兰大, *(1)",私立，男女合校 *(3),1836 *(1),"基督教, *(1)","14,724*(4)","全国性大学, *(3)",www.emory.edu *(3)
佛罗里达大学 ,42*(2),美国,佛罗里达州,盖恩斯维尔,公立，男女合校,1853年*(1),无,"42,608*(3)",全国性大学,www.ufl.edu
南洋理工大学 ,,新加坡,,,公立，男女合校,1955年,无,"28,949",综合性大学,www.ntu.edu.sg
新南威尔士大学 ,ERA：4*(2),澳大利亚,新南威尔士州,悉尼,公立，男女合校,1949年*(4),无,"50,516*(4)",五星级大学,www.unsw.edu.au
东京大学 ,,日本,,东京,公立（国立），男女合校,1877*(1),无,"27,847(2015年)*(2)",综合性大学,http://www.u-tokyo.ac.jp/en/index.html
伊利诺伊大学厄本那-香槟分校 ,52*(2),美国,伊利诺伊州,"厄本那,-香槟",公立，男女合校,1867*(1),无,"43,603",全国性大学,www.illinois.edu
范德堡大学 ,14*(5),美国,田纳西州,纳什维尔,私立，男女合校,1873*(2),无,"12,567",全国性大学,www.vanderbilt.edu
加州大学戴维斯分校 ,46*(2),美国,加利福尼亚州,戴维斯,公立，男女合校,"1905年（1959年正式成为,加州大学系统,的一员）*(1)",无,"36,104*(3)",全国性大学,www.ucdavis.edu
莫纳什大学 ,ERA：5*(5),澳大利亚,维多利亚州,墨尔本,公立，男女合校,1958年*(4),无,"64,500（含无学位项目学生）*(7)",五星级大学,www.monash.edu.au
麦吉尔大学 ,医博类第1,加拿大,魁北克,蒙特利尔,公立，男女合校,1821年,无,"34,819",医博类大学,www.mcgill.ca
宾州州立大学公园分校 ,USNEWS：52*(4),美国,宾夕法尼亚州,大学公园,公立，男女合校*(5),1855,,"46,848",全国性大学,www.psu.edu *(5)
新加坡国立大学 ,,新加坡,,,公立，男女合校,1905年,无,"37,426",综合性大学,www.nus.edu.sg
加州大学圣克鲁兹分校 ,81*(2),美国,加利福尼亚州,圣克鲁兹,公立，男女合校,1965*(1),无,"17,868",全国性大学,www.ucsc.edu
科罗拉多大学博尔德分校 ,90*(4),美国,科罗拉多州,博尔德,公立，男女合校,1876*(2),无,"32,775",全国性大学,www.colorado.edu
匹兹堡大学 ,68*(2),美国,宾夕法尼亚州,"匹兹堡,另有本科学院设在布兰德福德、格林斯堡、约翰斯敦和泰特斯维尔",公立，男女合校,1787*(1),无,"25,464（不含Part-time），28,650（含Part-time）*(4)",全国性大学,www.pitt.edu
慕尼黑大学 ,,德国,,慕尼黑,公立，男女合校,1472年*(1),无,"48,938(2012年)*(4)",综合性大学，可授予博士学位,www.en.uni-muenchen.de
马里兰大学学院公园分校 ,61*(2),美国,马里兰州,学院公园,公立，男女合校,1856年*(1),无,"38,140",全国性大学,https://www.umd.edu/
俄亥俄州立大学 ,54*(3),美国,俄亥俄州,哥伦布,公立，男女合校,1870*(2),无,"58,663",全国性大学,www.osu.edu
昆士兰大学 ,ERA：3*(2),澳大利亚,昆士兰州,布里斯班,公立，男女合校,1909年*(3),无,"48,804*(3)",五星级大学,www.uq.edu.au
伦敦大学国王学院 ,QS世界：5(16)；Times国内：27,英国,英格兰,伦敦,公立，男女合校,"1829年（其最古老的,医学,院成立于1550年）*(1)",无,"27,645（含全日制与非全日制）*(2)",综合性大学,www.kcl.ac.u
北卡罗来纳大学教堂山分校 ,30*(2),美国,北卡罗来纳州,教堂山,公立，男女合校*(3),1789*(1),无,"29,084",全国性大学,www.unc.edu
圣路易斯华盛顿大学 ,18*(2),美国,密苏里州,圣路易斯,私立，男女合校,1853,无,"12,951（不含Part-time）",全国性大学,www.wustl.edu
波士顿大学 ,USNEWS：37*(3),美国,马萨诸塞州,波士顿,私立，男女合校*(4),1839,无,"33,119",全国性大学,"www.bu.edu,*(4)"
明尼苏达大学双城分校 ,USNEWS：69*(3),美国,明尼苏达州,"明尼阿波利斯,、,圣保罗",公立，男女合校*(4),1851,,"50,678",全国性大学,"www.umn.edu, *(4)"
悉尼大学 ,ERA：2*(2),澳大利亚,新南威尔士州,悉尼,公立，男女合校,1850年*(3),无,"51,394*(3)",五星级大学,www.sydney.edu.au
德克萨斯大学奥斯汀分校 ,56*(4),美国,德克萨斯州,奥斯汀,公立，男女合校,1883*(1),无,"47,007",全国性大学,www.utexas.edu
威斯康辛大学麦迪逊分校 ,46*(2),美国,威斯康辛州,麦迪逊,公立，男女合校,1848*(1),无,"43,389*(3)",全国性大学,www.wisc.edu
爱丁堡大学 ,QS：6(17)；Times：22,英国,苏格兰,爱丁堡,公立，男女合校,1582*(1),无,"27,625（含全日制与非全日制学生）",综合性大学,www.ed.ac.uk
